AAPL,2019-01-30T07:00:00Z,163,163.44,156.25,162.68
SBER,2019-01-30T07:00:00Z,213.8,214.14,213.1,213.17
AMZN,2019-01-30T07:00:00Z,1602.5,1602.5,1602.5,1602.5
AAPL,2019-01-30T07:05:00Z,161.01,162.49,161.01,161.46
SBER,2019-01-30T07:05:00Z,213.17,213.8,213.17,213.75
AMZN,2019-01-30T07:05:00Z,1601.01,1601.01,1601.01,1601.01
AAPL,2019-01-30T07:10:00Z,161.46,162,161.46,161.54
SBER,2019-01-30T07:10:00Z,213.78,214.37,213.71,214.1
AMZN,2019-01-30T07:10:00Z,1608.5,1608.51,1608.5,1608.51
AAPL,2019-01-30T07:15:00Z,161.97,162,161.56,161.75
SBER,2019-01-30T07:15:00Z,214.1,214.2,213.6,213.68
AMZN,2019-01-30T07:15:00Z,1609.13,1612,1609.13,1611.95
AAPL,2019-01-30T07:20:00Z,161.75,162,161.55,161.55
SBER,2019-01-30T07:20:00Z,213.65,213.98,213.5,213.71
AMZN,2019-01-30T07:20:00Z,1611.99,1616.22,1611.99,1615.99
AAPL,2019-01-30T07:25:00Z,161.99,162,161.58,161.61
SBER,2019-01-30T07:25:00Z,213.71,213.8,213.34,213.35
AMZN,2019-01-30T07:25:00Z,1615.99,1615.99,1615.99,1615.99
AAPL,2019-01-30T07:30:00Z,161.68,162,161.61,161.75
SBER,2019-01-30T07:30:00Z,213.38,213.65,213.32,213.5
AMZN,2019-01-30T07:30:00Z,1614.09,1621.34,1614.09,1621.34
AAPL,2019-01-30T07:35:00Z,161.75,162,161.58,161.67
SBER,2019-01-30T07:35:00Z,213.5,214.05,213.33,213.99
AMZN,2019-01-30T07:35:00Z,1618.63,1619.95,1618.58,1618.58
AAPL,2019-01-30T07:40:00Z,161.67,161.99,161.67,161.68
SBER,2019-01-30T07:40:00Z,213.98,214.62,213.91,214.54
AMZN,2019-01-30T07:40:00Z,1618.58,1618.58,1618.58,1618.58
AAPL,2019-01-30T07:45:00Z,161.68,162,161.68,162
SBER,2019-01-30T07:45:00Z,214.5,214.85,214.5,214.54
AAPL,2019-01-30T07:50:00Z,161.68,162,161.58,162
SBER,2019-01-30T07:50:00Z,214.53,214.75,214.4,214.75
AMZN,2019-01-30T07:50:00Z,1618.58,1618.58,1618.58,1618.58
AAPL,2019-01-30T07:55:00Z,162,162.48,162,162
SBER,2019-01-30T07:55:00Z,214.74,215.08,214.7,214.84
AMZN,2019-01-30T07:55:00Z,1618.5,1620.86,1618.5,1620.86
AAPL,2019-01-30T08:00:00Z,162.49,162.58,161.68,162.21
SBER,2019-01-30T08:00:00Z,214.84,215,214.31,214.4
AMZN,2019-01-30T08:00:00Z,1618.6,1618.6,1618.5,1618.5
AAPL,2019-01-30T08:05:00Z,162.49,162.49,161.81,161.81
SBER,2019-01-30T08:05:00Z,214.4,214.55,214.3,214.46
AMZN,2019-01-30T08:05:00Z,1618.5,1618.5,1618.5,1618.5
AAPL,2019-01-30T08:10:00Z,161.92,162.4,161.71,161.81
SBER,2019-01-30T08:10:00Z,214.45,214.79,214.3,214.5
AMZN,2019-01-30T08:10:00Z,1618.6,1618.6,1618.6,1618.6
AAPL,2019-01-30T08:15:00Z,162.49,162.58,161.8,162.39
SBER,2019-01-30T08:15:00Z,214.54,215.39,214.54,214.85
AMZN,2019-01-30T08:15:00Z,1620.2,1620.2,1620.2,1620.2
AAPL,2019-01-30T08:20:00Z,161.8,161.81,161.6,161.81
SBER,2019-01-30T08:20:00Z,214.84,215.2,214.81,215.18
AAPL,2019-01-30T08:25:00Z,161.57,161.85,161.55,161.55
SBER,2019-01-30T08:25:00Z,215.19,215.32,214.9,215.3
AAPL,2019-01-30T08:30:00Z,161.56,161.56,161.56,161.56
SBER,2019-01-30T08:30:00Z,215.32,215.7,215.31,215.59
AMZN,2019-01-30T08:30:00Z,1615,1615,1615,1615
AAPL,2019-01-30T08:35:00Z,161.94,161.99,161.58,161.99
SBER,2019-01-30T08:35:00Z,215.59,215.6,214.93,215
AMZN,2019-01-30T08:35:00Z,1618.07,1618.07,1618.07,1618.07
AAPL,2019-01-30T08:40:00Z,161.65,161.99,161.65,161.66
SBER,2019-01-30T08:40:00Z,215,215.45,214.91,215.2
AMZN,2019-01-30T08:40:00Z,1620.19,1620.19,1620.19,1620.19
AAPL,2019-01-30T08:45:00Z,161.67,161.99,161.67,161.99
SBER,2019-01-30T08:45:00Z,215.25,215.55,215.15,215.34
AMZN,2019-01-30T08:45:00Z,1620.19,1620.19,1620.19,1620.19
AAPL,2019-01-30T08:50:00Z,161.58,162,161.58,161.58
SBER,2019-01-30T08:50:00Z,215.39,215.54,215.31,215.49
AAPL,2019-01-30T08:55:00Z,162,162,161.67,161.67
SBER,2019-01-30T08:55:00Z,215.47,215.5,215.01,215.22
AAPL,2019-01-30T09:00:00Z,162,162.6,162,162.5
SBER,2019-01-30T09:00:00Z,215.2,215.28,214.31,214.56
AMZN,2019-01-30T09:00:00Z,1615.16,1620.2,1615.15,1620.2
AAPL,2019-01-30T09:05:00Z,162.45,162.67,162.45,162.67
SBER,2019-01-30T09:05:00Z,214.55,215,214.46,214.94
AAPL,2019-01-30T09:10:00Z,162.01,162.67,162.01,162.15
SBER,2019-01-30T09:10:00Z,214.9,214.94,214.41,214.63
AAPL,2019-01-30T09:15:00Z,162.23,162.8,162.23,162.42
SBER,2019-01-30T09:15:00Z,214.6,214.77,214.54,214.62
AMZN,2019-01-30T09:15:00Z,1616.83,1616.83,1616.83,1616.83
AAPL,2019-01-30T09:20:00Z,162.65,162.65,161.81,162.6
SBER,2019-01-30T09:20:00Z,214.69,214.69,214.56,214.59
AAPL,2019-01-30T09:25:00Z,162.62,162.68,161.73,162.65
SBER,2019-01-30T09:25:00Z,214.59,214.76,214.53,214.53
AAPL,2019-01-30T09:30:00Z,162.65,162.7,162.44,162.44
SBER,2019-01-30T09:30:00Z,214.53,214.53,213.61,213.72
AMZN,2019-01-30T09:30:00Z,1620,1620.2,1620,1620.2
AAPL,2019-01-30T09:35:00Z,162.51,162.88,162.51,162.51
SBER,2019-01-30T09:35:00Z,213.72,213.88,213.35,213.8
AMZN,2019-01-30T09:35:00Z,1621,1621,1621,1621
AAPL,2019-01-30T09:40:00Z,162.5,162.52,162.5,162.52
SBER,2019-01-30T09:40:00Z,213.82,213.89,213.71,213.83
AAPL,2019-01-30T09:45:00Z,162.5,162.51,162.01,162.01
SBER,2019-01-30T09:45:00Z,213.81,213.87,213.55,213.7
AAPL,2019-01-30T09:50:00Z,162.51,162.51,162.16,162.16
SBER,2019-01-30T09:50:00Z,213.62,214,213.56,213.94
AMZN,2019-01-30T09:50:00Z,1620.97,1620.97,1620.97,1620.97
AAPL,2019-01-30T09:55:00Z,162.39,162.49,161.68,162.28
SBER,2019-01-30T09:55:00Z,213.94,214.23,213.9,213.99
AAPL,2019-01-30T10:00:00Z,162.28,162.59,162.28,162.5
SBER,2019-01-30T10:00:00Z,214,214.37,213.93,214.31
AMZN,2019-01-30T10:00:00Z,1620.85,1620.85,1620.85,1620.85
AAPL,2019-01-30T10:05:00Z,162.59,162.69,162.11,162.22
SBER,2019-01-30T10:05:00Z,214.33,214.53,214.25,214.39
AAPL,2019-01-30T10:10:00Z,162.6,162.7,161.98,162.7
SBER,2019-01-30T10:10:00Z,214.46,214.55,214.13,214.23
AAPL,2019-01-30T10:15:00Z,162.7,162.88,162.1,162.17
SBER,2019-01-30T10:15:00Z,214.24,214.24,213.81,214.05
AAPL,2019-01-30T10:20:00Z,162.26,163.12,162.26,163.12
SBER,2019-01-30T10:20:00Z,214.01,214.15,213.84,213.85
AMZN,2019-01-30T10:20:00Z,1618.74,1618.74,1618.74,1618.74
AAPL,2019-01-30T10:25:00Z,162.94,163.2,162.94,163.04
SBER,2019-01-30T10:25:00Z,213.82,213.86,213.65,213.73
AMZN,2019-01-30T10:25:00Z,1618.88,1618.94,1618.88,1618.94
AAPL,2019-01-30T10:30:00Z,163.04,163.35,163.04,163.06
SBER,2019-01-30T10:30:00Z,213.8,213.85,213.65,213.79
AMZN,2019-01-30T10:30:00Z,1619.12,1619.12,1619.12,1619.12
AAPL,2019-01-30T10:35:00Z,163.38,163.38,163.12,163.12
SBER,2019-01-30T10:35:00Z,213.75,213.85,213.7,213.75
AAPL,2019-01-30T10:40:00Z,163.4,163.64,163.4,163.62
SBER,2019-01-30T10:40:00Z,213.71,214,213.7,213.97
AAPL,2019-01-30T10:45:00Z,163.61,163.61,163.55,163.59
SBER,2019-01-30T10:45:00Z,213.94,213.95,213.75,213.75
AAPL,2019-01-30T10:50:00Z,163.4,163.58,163.3,163.39
SBER,2019-01-30T10:50:00Z,213.83,214,213.77,213.98
AMZN,2019-01-30T10:50:00Z,1619.89,1619.89,1619.89,1619.89
AAPL,2019-01-30T10:55:00Z,163.36,163.47,163.27,163.27
SBER,2019-01-30T10:55:00Z,213.9,214.3,213.89,214.23
AAPL,2019-01-30T11:00:00Z,163.4,163.41,163.3,163.41
SBER,2019-01-30T11:00:00Z,214.23,214.27,213.84,213.91
AAPL,2019-01-30T11:05:00Z,163.4,163.46,163.34,163.38
SBER,2019-01-30T11:05:00Z,213.89,214.11,213.8,213.88
AMZN,2019-01-30T11:05:00Z,1620.95,1620.95,1620.95,1620.95
AAPL,2019-01-30T11:10:00Z,163.27,163.27,163.13,163.13
SBER,2019-01-30T11:10:00Z,213.93,214.54,213.83,214.5
AAPL,2019-01-30T11:15:00Z,163.13,163.25,163.08,163.25
SBER,2019-01-30T11:15:00Z,214.5,214.84,214.36,214.81
AAPL,2019-01-30T11:20:00Z,163.03,163.13,163.01,163.01
SBER,2019-01-30T11:20:00Z,214.8,214.83,214.45,214.62
AAPL,2019-01-30T11:25:00Z,163.07,163.1,163.02,163.02
SBER,2019-01-30T11:25:00Z,214.61,214.84,214.6,214.79
AAPL,2019-01-30T11:30:00Z,163.04,163.2,163.04,163.2
SBER,2019-01-30T11:30:00Z,214.8,214.8,214.45,214.61
AMZN,2019-01-30T11:30:00Z,1618.99,1618.99,1617.92,1617.92
AAPL,2019-01-30T11:35:00Z,163.19,163.19,163.19,163.19
SBER,2019-01-30T11:35:00Z,214.61,214.67,214.41,214.53
AMZN,2019-01-30T11:35:00Z,1617.25,1617.25,1617.25,1617.25
AAPL,2019-01-30T11:40:00Z,163.19,163.19,163.01,163.18
SBER,2019-01-30T11:40:00Z,214.59,214.85,214.52,214.81
AMZN,2019-01-30T11:40:00Z,1617.25,1617.25,1617.25,1617.25
AAPL,2019-01-30T11:45:00Z,163.07,163.2,163.01,163.01
SBER,2019-01-30T11:45:00Z,214.81,215.1,214.78,215
AAPL,2019-01-30T11:50:00Z,163.2,163.24,162.07,163.24
SBER,2019-01-30T11:50:00Z,215,215.05,214.75,215
AAPL,2019-01-30T11:55:00Z,163.01,163.01,163.01,163.01
SBER,2019-01-30T11:55:00Z,215,215.04,214.82,214.85
AAPL,2019-01-30T12:00:00Z,163.2,163.3,163.02,163.03
SBER,2019-01-30T12:00:00Z,214.85,214.85,214.46,214.59
AAPL,2019-01-30T12:05:00Z,163.33,163.34,163.02,163.02
SBER,2019-01-30T12:05:00Z,214.59,214.74,214.55,214.66
AAPL,2019-01-30T12:10:00Z,163.02,163.2,163,163
SBER,2019-01-30T12:10:00Z,214.71,214.71,214.16,214.24
AMZN,2019-01-30T12:10:00Z,1617.31,1617.31,1617.31,1617.31
AAPL,2019-01-30T12:15:00Z,163.2,163.2,162.8,163.03
SBER,2019-01-30T12:15:00Z,214.3,214.52,214.15,214.42
AAPL,2019-01-30T12:20:00Z,162.96,163.03,162.67,163.03
SBER,2019-01-30T12:20:00Z,214.38,214.51,214.38,214.46
AAPL,2019-01-30T12:25:00Z,162.76,162.76,162.73,162.73
SBER,2019-01-30T12:25:00Z,214.46,214.55,214.4,214.4
AAPL,2019-01-30T12:30:00Z,163.16,163.29,162.81,163
SBER,2019-01-30T12:30:00Z,214.4,214.9,214.4,214.72
AMZN,2019-01-30T12:30:00Z,1620,1620.99,1620,1620.99
AAPL,2019-01-30T12:35:00Z,163.07,163.15,162.85,163
SBER,2019-01-30T12:35:00Z,214.77,214.84,214.55,214.66
AMZN,2019-01-30T12:35:00Z,1621.63,1622.6,1621.4,1622.6
AAPL,2019-01-30T12:40:00Z,162.9,163,162.73,162.78
SBER,2019-01-30T12:40:00Z,214.76,214.77,214.41,214.51
AMZN,2019-01-30T12:40:00Z,1622.11,1622.49,1621.27,1622.45
AAPL,2019-01-30T12:45:00Z,162.77,163.15,162.77,162.92
SBER,2019-01-30T12:45:00Z,214.5,214.65,214.41,214.55
AMZN,2019-01-30T12:45:00Z,1621.69,1622,1620,1620
AAPL,2019-01-30T12:50:00Z,162.86,162.88,162.75,162.8
SBER,2019-01-30T12:50:00Z,214.55,214.6,214.41,214.45
AMZN,2019-01-30T12:50:00Z,1620.95,1621.59,1620.41,1621
AAPL,2019-01-30T12:55:00Z,162.87,162.98,162.6,162.7
SBER,2019-01-30T12:55:00Z,214.45,214.57,214.15,214.15
AMZN,2019-01-30T12:55:00Z,1621.53,1621.53,1620.59,1621.15
AAPL,2019-01-30T13:00:00Z,162.79,162.82,162.2,162.2
SBER,2019-01-30T13:00:00Z,214.22,214.3,213.63,213.8
AMZN,2019-01-30T13:00:00Z,1621.74,1622.95,1621.74,1622.12
AAPL,2019-01-30T13:05:00Z,162.21,162.4,161.8,161.9
SBER,2019-01-30T13:05:00Z,213.81,213.9,213.55,213.67
AMZN,2019-01-30T13:05:00Z,1622.5,1622.8,1621.08,1621.78
AAPL,2019-01-30T13:10:00Z,161.83,162.22,161.54,161.85
SBER,2019-01-30T13:10:00Z,213.69,213.8,213.55,213.74
AMZN,2019-01-30T13:10:00Z,1621.25,1622.01,1621,1622.01
AAPL,2019-01-30T13:15:00Z,162,162.35,161.92,162.11
SBER,2019-01-30T13:15:00Z,213.71,213.83,213.7,213.78
AMZN,2019-01-30T13:15:00Z,1621.5,1621.5,1620.21,1621.5
AAPL,2019-01-30T13:20:00Z,162.06,162.09,161.75,161.75
SBER,2019-01-30T13:20:00Z,213.77,214,213.66,213.95
AMZN,2019-01-30T13:20:00Z,1621,1621,1617.55,1617.75
AAPL,2019-01-30T13:25:00Z,161.83,161.86,161.48,161.61
SBER,2019-01-30T13:25:00Z,213.86,213.91,213.64,213.77
AMZN,2019-01-30T13:25:00Z,1617.72,1618,1617,1617.6
AAPL,2019-01-30T13:30:00Z,161.67,161.92,161.55,161.57
SBER,2019-01-30T13:30:00Z,213.8,214.1,213.76,213.88
AMZN,2019-01-30T13:30:00Z,1616.2,1620.98,1616.2,1620.39
AAPL,2019-01-30T13:35:00Z,161.62,161.63,161.11,161.63
SBER,2019-01-30T13:35:00Z,213.87,213.88,213.68,213.78
AMZN,2019-01-30T13:35:00Z,1620.18,1620.18,1618.09,1618.99
AAPL,2019-01-30T13:40:00Z,161.67,161.99,161.56,161.99
SBER,2019-01-30T13:40:00Z,213.79,214.16,213.77,214.06
AMZN,2019-01-30T13:40:00Z,1619.99,1619.99,1619.21,1619.21
AAPL,2019-01-30T13:45:00Z,162,162.27,161.73,162.2
SBER,2019-01-30T13:45:00Z,214,214.1,213.78,213.83
AMZN,2019-01-30T13:45:00Z,1619.69,1620.9,1619.69,1620
AAPL,2019-01-30T13:50:00Z,162.26,162.27,161.63,161.83
SBER,2019-01-30T13:50:00Z,213.8,214.02,213.76,213.87
AMZN,2019-01-30T13:50:00Z,1621.49,1623,1620.18,1621.71
AAPL,2019-01-30T13:55:00Z,161.85,162.17,161.65,162.01
SBER,2019-01-30T13:55:00Z,213.88,214.02,213.75,213.82
AMZN,2019-01-30T13:55:00Z,1620.75,1622.95,1620.75,1622.95
AAPL,2019-01-30T14:00:00Z,162,162.5,161.96,162.4
SBER,2019-01-30T14:00:00Z,213.82,213.99,213.6,213.94
AMZN,2019-01-30T14:00:00Z,1622.75,1623.82,1622.5,1623.39
AAPL,2019-01-30T14:05:00Z,162.38,162.75,162.38,162.58
SBER,2019-01-30T14:05:00Z,213.94,214.05,213.7,213.74
AMZN,2019-01-30T14:05:00Z,1622.51,1623.95,1622.51,1623.34
AAPL,2019-01-30T14:10:00Z,162.58,163.29,162.58,163.1
SBER,2019-01-30T14:10:00Z,213.74,213.86,213.63,213.81
AMZN,2019-01-30T14:10:00Z,1623.44,1623.95,1622.02,1622.02
AAPL,2019-01-30T14:15:00Z,163.1,163.12,162.65,162.7
SBER,2019-01-30T14:15:00Z,213.78,213.79,213.23,213.6
AMZN,2019-01-30T14:15:00Z,1623.37,1623.37,1621,1621.44
AAPL,2019-01-30T14:20:00Z,162.7,163.09,162.7,162.88
SBER,2019-01-30T14:20:00Z,213.6,213.82,213.51,213.7
AMZN,2019-01-30T14:20:00Z,1621.59,1622.43,1620.26,1622.43
AAPL,2019-01-30T14:25:00Z,162.87,163.38,162.76,163.27
SBER,2019-01-30T14:25:00Z,213.7,214.3,213.57,214.11
AMZN,2019-01-30T14:25:00Z,1622,1623.95,1621,1622.25
AAPL,2019-01-30T14:30:00Z,163.24,163.33,161.66,161.68
SBER,2019-01-30T14:30:00Z,214.05,214.47,213.89,214.28
AMZN,2019-01-30T14:30:00Z,1622.19,1632.36,1619.6,1630.56
AAPL,2019-01-30T14:35:00Z,161.69,162.63,161.69,162.31
SBER,2019-01-30T14:35:00Z,214.29,214.49,214.19,214.28
AMZN,2019-01-30T14:35:00Z,1630.4,1641.12,1630,1639.84
AAPL,2019-01-30T14:40:00Z,162.29,162.37,161.36,161.43
SBER,2019-01-30T14:40:00Z,214.27,214.28,213.81,213.92
AMZN,2019-01-30T14:40:00Z,1639.55,1640.36,1635.39,1637.05
AAPL,2019-01-30T14:45:00Z,161.44,162.06,161.42,161.75
SBER,2019-01-30T14:45:00Z,213.95,214.09,213.78,214.01
AMZN,2019-01-30T14:45:00Z,1638,1642.34,1637.3,1638
AAPL,2019-01-30T14:50:00Z,161.75,161.89,161.18,161.34
SBER,2019-01-30T14:50:00Z,214,214.1,213.71,213.75
AMZN,2019-01-30T14:50:00Z,1638.44,1641.6,1636.21,1637.64
AAPL,2019-01-30T14:55:00Z,161.36,161.53,160.66,160.76
SBER,2019-01-30T14:55:00Z,213.79,213.83,213.31,213.33
AMZN,2019-01-30T14:55:00Z,1637.88,1638.92,1634.4,1636
AAPL,2019-01-30T15:00:00Z,160.75,160.96,160.36,160.44
SBER,2019-01-30T15:00:00Z,213.33,213.33,212.74,212.8
AMZN,2019-01-30T15:00:00Z,1635.44,1639.09,1631.86,1632.01
AAPL,2019-01-30T15:05:00Z,160.43,161.22,160.23,160.77
SBER,2019-01-30T15:05:00Z,212.8,213.14,212.75,212.88
AMZN,2019-01-30T15:05:00Z,1631.65,1635.33,1630.58,1633
AAPL,2019-01-30T15:10:00Z,160.85,161.65,160.63,161.56
SBER,2019-01-30T15:10:00Z,212.88,212.9,212.33,212.68
AMZN,2019-01-30T15:10:00Z,1633.03,1635.6,1631.36,1635.01
AAPL,2019-01-30T15:15:00Z,161.55,161.86,161.23,161.84
SBER,2019-01-30T15:15:00Z,212.68,212.75,212.22,212.61
AMZN,2019-01-30T15:15:00Z,1634.75,1636.78,1633.45,1636.75
AAPL,2019-01-30T15:20:00Z,161.83,162.06,161.71,161.9
SBER,2019-01-30T15:20:00Z,212.61,212.87,212.5,212.79
AMZN,2019-01-30T15:20:00Z,1636.55,1639.39,1636,1638
AAPL,2019-01-30T15:25:00Z,161.91,162.28,161.91,162.11
SBER,2019-01-30T15:25:00Z,212.79,213.13,212.76,212.83
AMZN,2019-01-30T15:25:00Z,1638,1639.99,1637.61,1638.96
AAPL,2019-01-30T15:30:00Z,162.11,162.43,162.07,162.11
SBER,2019-01-30T15:30:00Z,212.83,213.15,212.83,212.92
AMZN,2019-01-30T15:30:00Z,1639.37,1641.99,1639.37,1640.62
AAPL,2019-01-30T15:35:00Z,162.1,162.37,162.04,162.2
SBER,2019-01-30T15:35:00Z,212.9,212.99,212.56,212.9
AMZN,2019-01-30T15:35:00Z,1640.84,1642.21,1638.56,1640.84
AAPL,2019-01-30T15:40:00Z,162.2,162.24,161.81,162.02
AMZN,2019-01-30T15:40:00Z,1641,1643.28,1640,1643.1
AAPL,2019-01-30T15:45:00Z,162,162.35,161.98,162.1
SBER,2019-01-30T15:45:00Z,213.14,213.14,213.14,213.14
AMZN,2019-01-30T15:45:00Z,1643.33,1643.6,1641.63,1643
AAPL,2019-01-30T15:50:00Z,162.1,162.38,162.04,162.23
AMZN,2019-01-30T15:50:00Z,1642.79,1643.2,1641.41,1641.98
AAPL,2019-01-30T15:55:00Z,162.25,162.67,162.25,162.54
AMZN,2019-01-30T15:55:00Z,1641.89,1643.81,1641.41,1643
AAPL,2019-01-30T16:00:00Z,162.55,162.84,162.37,162.78
AMZN,2019-01-30T16:00:00Z,1643.37,1647.42,1642.87,1646.05
AAPL,2019-01-30T16:05:00Z,162.81,162.84,162.35,162.49
AMZN,2019-01-30T16:05:00Z,1646.54,1647.4,1644.66,1645.94
AAPL,2019-01-30T16:10:00Z,162.51,162.72,162.41,162.58
AMZN,2019-01-30T16:10:00Z,1645.71,1646.56,1644.06,1644.63
AAPL,2019-01-30T16:15:00Z,162.59,163.06,162.55,162.83
AMZN,2019-01-30T16:15:00Z,1644.9,1645.75,1643.66,1644.71
AAPL,2019-01-30T16:20:00Z,162.83,163.11,162.83,163.11
AMZN,2019-01-30T16:20:00Z,1644.78,1645.46,1643.66,1644.75
AAPL,2019-01-30T16:25:00Z,163.1,163.13,162.65,162.66
AMZN,2019-01-30T16:25:00Z,1644.5,1645,1642.42,1643.32
AAPL,2019-01-30T16:30:00Z,162.67,162.7,162.23,162.45
AMZN,2019-01-30T16:30:00Z,1642.98,1644.43,1641.62,1643.19
AAPL,2019-01-30T16:35:00Z,162.44,162.5,161.93,162.17
AMZN,2019-01-30T16:35:00Z,1643.4,1643.45,1641.22,1642.44
AAPL,2019-01-30T16:40:00Z,162.17,162.33,162,162.32
AMZN,2019-01-30T16:40:00Z,1642.99,1645.86,1642.96,1645.58
AAPL,2019-01-30T16:45:00Z,162.33,162.41,162.11,162.15
AMZN,2019-01-30T16:45:00Z,1645.72,1647.01,1644.51,1644.7
AAPL,2019-01-30T16:50:00Z,162.13,162.13,161.87,162.02
AMZN,2019-01-30T16:50:00Z,1644.88,1646.47,1644,1645.84
AAPL,2019-01-30T16:55:00Z,162.02,162.32,161.85,162.3
AMZN,2019-01-30T16:55:00Z,1646,1647.59,1645.64,1647.41
AAPL,2019-01-30T17:00:00Z,162.3,162.33,162.02,162.15
AMZN,2019-01-30T17:00:00Z,1647.46,1649.4,1647.03,1648.79
AAPL,2019-01-30T17:05:00Z,162.13,162.16,161.9,161.94
AMZN,2019-01-30T17:05:00Z,1648.65,1649.81,1647.7,1649.77
AAPL,2019-01-30T17:10:00Z,161.95,162.26,161.95,162.24
AMZN,2019-01-30T17:10:00Z,1649.67,1650.42,1649.18,1650.2
AAPL,2019-01-30T17:15:00Z,162.25,162.42,162.12,162.14
AMZN,2019-01-30T17:15:00Z,1650.01,1653.38,1649.81,1652.31
AAPL,2019-01-30T17:20:00Z,162.15,162.47,162.1,162.11
AMZN,2019-01-30T17:20:00Z,1652.36,1657.13,1652.35,1653.94
AAPL,2019-01-30T17:25:00Z,162.12,162.35,162.12,162.32
AMZN,2019-01-30T17:25:00Z,1653.9,1654.51,1651.89,1653.11
AAPL,2019-01-30T17:30:00Z,162.32,162.39,161.97,162.09
AMZN,2019-01-30T17:30:00Z,1653.47,1654.36,1651.41,1652.49
AAPL,2019-01-30T17:35:00Z,162.13,162.55,162.13,162.53
AMZN,2019-01-30T17:35:00Z,1652.37,1652.59,1650.5,1651.87
AAPL,2019-01-30T17:40:00Z,162.52,162.73,162.51,162.72
AMZN,2019-01-30T17:40:00Z,1651.98,1653.6,1651.89,1652.2
AAPL,2019-01-30T17:45:00Z,162.73,162.9,162.64,162.82
AMZN,2019-01-30T17:45:00Z,1651.99,1652.8,1650.27,1652.15
AAPL,2019-01-30T17:50:00Z,162.82,163,162.8,162.96
AMZN,2019-01-30T17:50:00Z,1652.02,1652.55,1650.41,1651.8
AAPL,2019-01-30T17:55:00Z,162.97,163,162.56,162.86
AMZN,2019-01-30T17:55:00Z,1651.95,1653.25,1651.25,1652.29
AAPL,2019-01-30T18:00:00Z,162.86,162.94,162.78,162.94
AMZN,2019-01-30T18:00:00Z,1652.6,1653.04,1651.69,1652.44
AAPL,2019-01-30T18:05:00Z,162.94,163.25,162.93,163.16
AMZN,2019-01-30T18:05:00Z,1652.84,1653.62,1651.63,1653.03
AAPL,2019-01-30T18:10:00Z,163.17,163.25,162.85,162.86
AMZN,2019-01-30T18:10:00Z,1652.72,1653.58,1652.14,1653
AAPL,2019-01-30T18:15:00Z,162.89,163.11,162.88,163.03
AMZN,2019-01-30T18:15:00Z,1652.75,1654,1652.58,1653.55
AAPL,2019-01-30T18:20:00Z,163.01,163.01,162.42,162.67
AMZN,2019-01-30T18:20:00Z,1653.73,1653.91,1649.33,1651.49
AAPL,2019-01-30T18:25:00Z,162.69,163.06,162.69,162.95
AMZN,2019-01-30T18:25:00Z,1651.59,1652.4,1650.5,1650.5
AAPL,2019-01-30T18:30:00Z,162.96,163.12,162.85,163.09
AMZN,2019-01-30T18:30:00Z,1650.88,1652.64,1650.5,1652.15
AAPL,2019-01-30T18:35:00Z,163.1,163.14,162.9,162.91
AMZN,2019-01-30T18:35:00Z,1652.15,1652.15,1650.53,1650.92
AAPL,2019-01-30T18:40:00Z,162.9,163.03,162.81,163
AMZN,2019-01-30T18:40:00Z,1650.92,1652.15,1650.66,1651.11
AAPL,2019-01-30T18:45:00Z,163.02,163.2,162.79,162.89
AMZN,2019-01-30T18:45:00Z,1651.52,1652,1650.94,1651.49
AAPL,2019-01-30T18:50:00Z,162.88,163.16,162.87,163.05
AMZN,2019-01-30T18:50:00Z,1651.54,1654.79,1651.54,1653.02
AAPL,2019-01-30T18:55:00Z,163.04,163.14,162.99,163.03
AMZN,2019-01-30T18:55:00Z,1653,1653,1650.8,1650.86
AAPL,2019-01-30T19:00:00Z,163.05,163.98,163,163.97
AMZN,2019-01-30T19:00:00Z,1650.93,1660.78,1649.63,1660.35
AAPL,2019-01-30T19:05:00Z,163.98,164.48,163.83,164.22
AMZN,2019-01-30T19:05:00Z,1660.2,1661.39,1654.48,1654.48
AAPL,2019-01-30T19:10:00Z,164.21,164.93,164.11,164.87
AMZN,2019-01-30T19:10:00Z,1655.45,1662.55,1654,1662.25
AAPL,2019-01-30T19:15:00Z,164.85,164.9,164.41,164.81
AMZN,2019-01-30T19:15:00Z,1662.11,1664.25,1659.89,1661.99
AAPL,2019-01-30T19:20:00Z,164.81,165,164.64,164.83
AMZN,2019-01-30T19:20:00Z,1661.72,1668.98,1661.66,1667.79
AAPL,2019-01-30T19:25:00Z,164.81,164.98,164.6,164.86
AMZN,2019-01-30T19:25:00Z,1667.14,1669,1665.38,1667.78
AAPL,2019-01-30T19:30:00Z,164.86,164.89,164.56,164.86
AMZN,2019-01-30T19:30:00Z,1667.74,1668.18,1665.1,1667.79
AAPL,2019-01-30T19:35:00Z,164.86,164.96,164.46,164.76
AMZN,2019-01-30T19:35:00Z,1668,1670.3,1664.62,1668.38
AAPL,2019-01-30T19:40:00Z,164.77,164.92,164.62,164.72
AMZN,2019-01-30T19:40:00Z,1668.44,1668.44,1665.83,1668.4
AAPL,2019-01-30T19:45:00Z,164.72,165.35,164.61,165.18
AMZN,2019-01-30T19:45:00Z,1668.08,1673.61,1667.18,1672.53
AAPL,2019-01-30T19:50:00Z,165.19,165.77,165.1,165.65
AMZN,2019-01-30T19:50:00Z,1672.73,1675.45,1670.64,1674
AAPL,2019-01-30T19:55:00Z,165.65,166.15,165.6,166.07
AMZN,2019-01-30T19:55:00Z,1673.99,1676.85,1672.32,1676
AAPL,2019-01-30T20:00:00Z,166.08,166.09,165.48,165.48
AMZN,2019-01-30T20:00:00Z,1676,1676.27,1673.4,1673.59
AAPL,2019-01-30T20:05:00Z,165.5,165.57,165.17,165.21
AMZN,2019-01-30T20:05:00Z,1673.87,1673.98,1669.5,1670.12
AAPL,2019-01-30T20:10:00Z,165.19,165.45,165.12,165.42
AMZN,2019-01-30T20:10:00Z,1669.82,1670.76,1666.2,1668.28
AAPL,2019-01-30T20:15:00Z,165.42,165.66,165.07,165.24
AMZN,2019-01-30T20:15:00Z,1668.48,1668.83,1665.7,1667.75
AAPL,2019-01-30T20:20:00Z,165.28,165.63,165.26,165.56
AMZN,2019-01-30T20:20:00Z,1667.88,1669.45,1666.67,1667.43
AAPL,2019-01-30T20:25:00Z,165.56,165.87,165.45,165.58
AMZN,2019-01-30T20:25:00Z,1667.7,1670,1666.1,1667.76
AAPL,2019-01-30T20:30:00Z,165.59,165.59,165.06,165.1
AMZN,2019-01-30T20:30:00Z,1667.59,1669.5,1666.3,1666.9
AAPL,2019-01-30T20:35:00Z,165.1,165.42,164.83,164.91
AMZN,2019-01-30T20:35:00Z,1667.23,1668.89,1665.78,1666.29
AAPL,2019-01-30T20:40:00Z,164.91,165.25,164.88,164.99
AMZN,2019-01-30T20:40:00Z,1666.02,1666.89,1663.83,1666.13
AAPL,2019-01-30T20:45:00Z,165,165.25,164.93,165.16
AMZN,2019-01-30T20:45:00Z,1666,1669.49,1665.6,1668.74
AAPL,2019-01-30T20:50:00Z,165.16,165.4,165.03,165.05
AMZN,2019-01-30T20:50:00Z,1668.77,1669.83,1666.78,1666.9
AAPL,2019-01-30T20:55:00Z,165.06,165.49,165.06,165.24
AMZN,2019-01-30T20:55:00Z,1667.27,1671.1,1667.27,1671.1
AAPL,2019-01-30T21:00:00Z,165.25,165.48,165.04,165.05
AMZN,2019-01-30T21:00:00Z,1670.43,1670.43,1665.6,1670.39
AAPL,2019-01-30T21:05:00Z,165.04,165.52,165,165.28
AMZN,2019-01-30T21:05:00Z,1669.64,1682,1669.64,1679
AAPL,2019-01-30T21:10:00Z,165.3,165.5,165.24,165.5
AMZN,2019-01-30T21:10:00Z,1680,1680.6,1679,1679.7
AAPL,2019-01-30T21:15:00Z,165.55,165.75,165.31,165.6
AMZN,2019-01-30T21:15:00Z,1679.7,1680.95,1679,1679.09
AAPL,2019-01-30T21:20:00Z,165.6,165.6,165.32,165.56
AMZN,2019-01-30T21:20:00Z,1679,1681.59,1678,1679.89
AAPL,2019-01-30T21:25:00Z,165.45,165.56,165.43,165.5
AMZN,2019-01-30T21:25:00Z,1679.7,1680.52,1678.25,1678.25
AAPL,2019-01-30T21:30:00Z,165.5,165.58,165.48,165.49
AMZN,2019-01-30T21:30:00Z,1679.01,1680.11,1678.31,1679.5
AAPL,2019-01-30T21:35:00Z,165.49,165.6,165.47,165.52
AMZN,2019-01-30T21:35:00Z,1679.51,1679.95,1679.3,1679.75
AAPL,2019-01-30T21:40:00Z,165.53,165.69,165.52,165.69
AMZN,2019-01-30T21:40:00Z,1679.75,1681,1679.7,1681
AAPL,2019-01-30T21:45:00Z,165.71,165.75,165.68,165.68
AMZN,2019-01-30T21:45:00Z,1681,1683.91,1681,1683.88
AAPL,2019-01-30T21:50:00Z,165.7,165.78,165.7,165.78
AMZN,2019-01-30T21:50:00Z,1684,1685.69,1684,1685.66
AAPL,2019-01-30T21:55:00Z,165.69,165.78,165.69,165.78
AMZN,2019-01-30T21:55:00Z,1685.64,1685.77,1684.13,1684.4
AAPL,2019-01-30T22:00:00Z,165.68,165.69,165.68,165.68
AMZN,2019-01-30T22:00:00Z,1684.51,1684.84,1684.06,1684.6
AAPL,2019-01-30T22:05:00Z,165.68,165.78,165.68,165.78
AMZN,2019-01-30T22:05:00Z,1685.75,1686.56,1684.09,1684.5
AAPL,2019-01-30T22:10:00Z,165.73,165.86,165.68,165.68
AMZN,2019-01-30T22:10:00Z,1684.5,1685,1672.51,1681.85
AAPL,2019-01-30T22:15:00Z,165.8,165.8,165.61,165.61
AMZN,2019-01-30T22:15:00Z,1681.39,1683,1680.42,1682
AAPL,2019-01-30T22:20:00Z,165.61,165.61,165.44,165.45
AMZN,2019-01-30T22:20:00Z,1684,1684.5,1683,1684.5
AAPL,2019-01-30T22:25:00Z,165.45,165.58,165.45,165.58
AMZN,2019-01-30T22:25:00Z,1685,1686,1684.1,1685.85
AAPL,2019-01-30T22:30:00Z,165.54,165.58,165.54,165.58
AMZN,2019-01-30T22:30:00Z,1685.85,1686.41,1685,1685.21
AAPL,2019-01-30T22:35:00Z,165.41,165.5,165.4,165.5
AMZN,2019-01-30T22:35:00Z,1685.5,1687,1685.5,1687
AAPL,2019-01-30T22:40:00Z,165.4,165.55,165.4,165.4
AMZN,2019-01-30T22:40:00Z,1687,1688,1686,1688
AAPL,2019-01-30T22:45:00Z,165.5,165.54,165.45,165.45
AMZN,2019-01-30T22:45:00Z,1687.81,1688.77,1687.32,1687.5
AAPL,2019-01-30T22:50:00Z,165.37,165.44,165.37,165.37
AMZN,2019-01-30T22:50:00Z,1687.75,1687.99,1687,1687
AAPL,2019-01-30T22:55:00Z,165.37,165.4,165.37,165.38
AMZN,2019-01-30T22:55:00Z,1687,1687.51,1686.25,1687.51
AAPL,2019-01-30T23:00:00Z,165.39,165.4,165.3,165.31
AMZN,2019-01-30T23:00:00Z,1687.53,1688.5,1687.53,1688.5
AMZN,2019-01-30T23:05:00Z,1688.91,1691.77,1688.77,1691.05
AAPL,2019-01-30T23:10:00Z,165.5,165.51,165.45,165.45
AMZN,2019-01-30T23:10:00Z,1691.33,1692.1,1690.51,1691
AAPL,2019-01-30T23:15:00Z,165.5,165.55,165.47,165.55
AMZN,2019-01-30T23:15:00Z,1691.98,1692.02,1691.97,1692.02
AAPL,2019-01-30T23:20:00Z,165.56,165.7,165.56,165.7
AMZN,2019-01-30T23:20:00Z,1692,1692,1690.45,1691
AAPL,2019-01-31T07:00:00Z,165.74,166,165.66,166
SBER,2019-01-31T07:00:00Z,215.17,216,215,215.1
AMZN,2019-01-31T07:00:00Z,1688.69,1695,1686,1695
AAPL,2019-01-31T07:05:00Z,166,166,165.84,166
SBER,2019-01-31T07:05:00Z,215.1,215.15,214.67,214.83
AMZN,2019-01-31T07:05:00Z,1695.7,1696.44,1695.7,1696.44
AAPL,2019-01-31T07:10:00Z,166,166,165.81,165.99
SBER,2019-01-31T07:10:00Z,214.79,215.15,214.78,214.93
AMZN,2019-01-31T07:10:00Z,1696,1701.11,1696,1701.11
AAPL,2019-01-31T07:15:00Z,165.98,166.47,165.82,165.86
SBER,2019-01-31T07:15:00Z,214.96,215.05,214.75,214.8
AMZN,2019-01-31T07:15:00Z,1700,1701.49,1699.7,1699.7
AAPL,2019-01-31T07:20:00Z,166,166,165.93,166
SBER,2019-01-31T07:20:00Z,214.8,215.11,214.78,215
AMZN,2019-01-31T07:20:00Z,1696.47,1696.99,1696.44,1696.99
AAPL,2019-01-31T07:25:00Z,166,166,165.98,166
SBER,2019-01-31T07:25:00Z,215,215.69,214.95,215.51
AMZN,2019-01-31T07:25:00Z,1696.91,1700,1696.91,1700
AAPL,2019-01-31T07:30:00Z,166.09,166.09,165.98,166.05
SBER,2019-01-31T07:30:00Z,215.56,216.4,215.51,215.9
AMZN,2019-01-31T07:30:00Z,1699.99,1701.5,1696.93,1696.93
AAPL,2019-01-31T07:35:00Z,166.04,166.34,166,166.03
SBER,2019-01-31T07:35:00Z,215.85,216.71,215.84,216.4
AMZN,2019-01-31T07:35:00Z,1701.49,1701.49,1696.91,1699.54
AAPL,2019-01-31T07:40:00Z,166.03,166.06,166.01,166.05
SBER,2019-01-31T07:40:00Z,216.4,216.59,216.08,216.2
AMZN,2019-01-31T07:40:00Z,1701.47,1701.48,1696.9,1701.47
AAPL,2019-01-31T07:45:00Z,166.06,166.06,165.97,166
SBER,2019-01-31T07:45:00Z,216.2,216.34,215.94,216.33
AMZN,2019-01-31T07:45:00Z,1696.46,1700.44,1696.44,1700.44
AAPL,2019-01-31T07:50:00Z,166,166,165.91,165.91
SBER,2019-01-31T07:50:00Z,216.31,216.5,216.07,216.16
AMZN,2019-01-31T07:50:00Z,1699.43,1699.43,1699.43,1699.43
AAPL,2019-01-31T07:55:00Z,166,166,165.85,165.85
SBER,2019-01-31T07:55:00Z,216.12,216.4,215.99,216.31
AMZN,2019-01-31T07:55:00Z,1696.44,1699.44,1696.44,1699.44
AAPL,2019-01-31T08:00:00Z,166,166,165.86,165.86
SBER,2019-01-31T08:00:00Z,216.32,216.56,216.01,216.09
AMZN,2019-01-31T08:00:00Z,1696.44,1696.44,1696.44,1696.44
AAPL,2019-01-31T08:05:00Z,165.86,166.3,165.86,166.3
SBER,2019-01-31T08:05:00Z,216.1,216.82,215.97,216.6
AMZN,2019-01-31T08:05:00Z,1699.45,1699.45,1699.45,1699.45
AAPL,2019-01-31T08:10:00Z,166.29,166.5,166.29,166.5
SBER,2019-01-31T08:10:00Z,216.6,217.25,216.53,217.25
AMZN,2019-01-31T08:10:00Z,1699.45,1699.45,1699.45,1699.45
AAPL,2019-01-31T08:15:00Z,166.53,166.56,166.32,166.33
SBER,2019-01-31T08:15:00Z,217.23,217.25,216.71,216.97
AAPL,2019-01-31T08:20:00Z,166.59,166.78,166.55,166.78
SBER,2019-01-31T08:20:00Z,217.07,217.47,216.95,217.3
AMZN,2019-01-31T08:20:00Z,1697.5,1697.51,1697.5,1697.51
AAPL,2019-01-31T08:25:00Z,166.78,166.99,166.64,166.64
SBER,2019-01-31T08:25:00Z,217.32,217.8,217.25,217.6
AMZN,2019-01-31T08:25:00Z,1697.51,1699.45,1697.51,1699.45
AAPL,2019-01-31T08:30:00Z,166.77,166.77,166.6,166.6
SBER,2019-01-31T08:30:00Z,217.62,218.04,217.3,217.38
AAPL,2019-01-31T08:35:00Z,166.44,166.72,166.44,166.72
SBER,2019-01-31T08:35:00Z,217.35,217.5,217.23,217.4
AAPL,2019-01-31T08:40:00Z,166.84,166.97,166.5,166.9
SBER,2019-01-31T08:40:00Z,217.36,217.74,217.35,217.61
AMZN,2019-01-31T08:40:00Z,1700,1701,1700,1701
AAPL,2019-01-31T08:45:00Z,166.9,166.97,166.63,166.63
SBER,2019-01-31T08:45:00Z,217.69,217.9,217.25,217.25
AMZN,2019-01-31T08:45:00Z,1701,1702.99,1700.99,1702.99
AAPL,2019-01-31T08:50:00Z,166.63,166.9,166.63,166.9
SBER,2019-01-31T08:50:00Z,217.26,217.29,216.85,216.95
AMZN,2019-01-31T08:50:00Z,1703,1703,1702.99,1703
AAPL,2019-01-31T08:55:00Z,166.71,166.9,166.71,166.83
SBER,2019-01-31T08:55:00Z,216.96,217.2,216.96,217.11
AMZN,2019-01-31T08:55:00Z,1699.45,1699.45,1699.45,1699.45
AAPL,2019-01-31T09:00:00Z,166.47,166.54,166.47,166.54
SBER,2019-01-31T09:00:00Z,217.11,217.2,216.65,216.82
AMZN,2019-01-31T09:00:00Z,1699.46,1709.99,1699.46,1709.99
AAPL,2019-01-31T09:05:00Z,166.41,166.44,166.18,166.18
SBER,2019-01-31T09:05:00Z,216.82,217.27,216.78,217.22
AMZN,2019-01-31T09:05:00Z,1699.45,1723.85,1699.45,1718.98
AAPL,2019-01-31T09:10:00Z,166.15,166.25,166.15,166.25
SBER,2019-01-31T09:10:00Z,217.25,217.27,217,217
AMZN,2019-01-31T09:10:00Z,1718.99,1718.99,1717.99,1717.99
AAPL,2019-01-31T09:15:00Z,166.34,166.34,166.15,166.31
SBER,2019-01-31T09:15:00Z,217.04,217.12,216.8,216.8
AMZN,2019-01-31T09:15:00Z,1717.99,1717.99,1704,1709.72
AAPL,2019-01-31T09:20:00Z,166.31,166.38,166.13,166.38
SBER,2019-01-31T09:20:00Z,216.84,216.91,216.37,216.49
AAPL,2019-01-31T09:25:00Z,166.19,166.4,166.19,166.31
SBER,2019-01-31T09:25:00Z,216.59,216.99,216.41,216.44
AAPL,2019-01-31T09:30:00Z,166.25,166.37,166.25,166.37
SBER,2019-01-31T09:30:00Z,216.44,216.92,216.41,216.46
AAPL,2019-01-31T09:35:00Z,166.36,166.69,166.36,166.52
SBER,2019-01-31T09:35:00Z,216.47,216.92,216.43,216.87
AMZN,2019-01-31T09:35:00Z,1703,1716.99,1703,1716.99
AAPL,2019-01-31T09:40:00Z,166.52,166.52,166.52,166.52
SBER,2019-01-31T09:40:00Z,216.86,217.46,216.86,217.41
AAPL,2019-01-31T09:45:00Z,166.67,166.67,166.52,166.52
SBER,2019-01-31T09:45:00Z,217.41,217.43,217.04,217.25
AMZN,2019-01-31T09:45:00Z,1703.01,1703.01,1703,1703
AAPL,2019-01-31T09:50:00Z,166.52,166.67,166.52,166.63
SBER,2019-01-31T09:50:00Z,217.28,217.65,217.2,217.44
AMZN,2019-01-31T09:50:00Z,1716.97,1716.97,1702.03,1702.03
AAPL,2019-01-31T09:55:00Z,166.63,166.67,166.52,166.67
SBER,2019-01-31T09:55:00Z,217.5,217.58,217.12,217.25
AAPL,2019-01-31T10:00:00Z,166.5,166.5,166.5,166.5
SBER,2019-01-31T10:00:00Z,217.27,217.41,216.91,217.1
AAPL,2019-01-31T10:05:00Z,166.42,166.42,166.11,166.25
SBER,2019-01-31T10:05:00Z,217.06,217.25,216.95,217.04
AAPL,2019-01-31T10:10:00Z,166.21,166.25,166.03,166.25
SBER,2019-01-31T10:10:00Z,217.05,217.24,217.01,217.02
AMZN,2019-01-31T10:10:00Z,1714.43,1714.43,1714.43,1714.43
AAPL,2019-01-31T10:15:00Z,166.22,166.22,166.21,166.21
SBER,2019-01-31T10:15:00Z,217.02,217.04,216.61,216.84
AMZN,2019-01-31T10:15:00Z,1710.87,1710.87,1710.87,1710.87
AAPL,2019-01-31T10:20:00Z,166.09,166.31,166.09,166.31
SBER,2019-01-31T10:20:00Z,216.84,217.12,216.67,216.85
AMZN,2019-01-31T10:20:00Z,1710.41,1710.41,1710.41,1710.41
AAPL,2019-01-31T10:25:00Z,166.03,166.03,166.03,166.03
SBER,2019-01-31T10:25:00Z,216.85,217.27,216.8,217.05
AMZN,2019-01-31T10:25:00Z,1702.5,1702.5,1702.5,1702.5
AAPL,2019-01-31T10:30:00Z,166.1,166.1,166,166
SBER,2019-01-31T10:30:00Z,217.05,217.3,216.95,217.29
AMZN,2019-01-31T10:30:00Z,1710.87,1710.87,1710.83,1710.83
AAPL,2019-01-31T10:35:00Z,166.19,166.19,166.19,166.19
SBER,2019-01-31T10:35:00Z,217.3,217.49,217.22,217.38
AMZN,2019-01-31T10:35:00Z,1702,1702,1702,1702
AAPL,2019-01-31T10:40:00Z,166.2,166.82,166.2,166.82
SBER,2019-01-31T10:40:00Z,217.38,217.49,217.14,217.25
AMZN,2019-01-31T10:40:00Z,1709.81,1709.81,1709.81,1709.81
AAPL,2019-01-31T10:45:00Z,166.3,166.38,166.3,166.38
SBER,2019-01-31T10:45:00Z,217.33,217.39,217.12,217.24
AMZN,2019-01-31T10:45:00Z,1709.67,1709.67,1702,1702
AAPL,2019-01-31T10:50:00Z,166.09,166.09,166.09,166.09
SBER,2019-01-31T10:50:00Z,217.24,217.38,217.15,217.19
AMZN,2019-01-31T10:50:00Z,1705,1709.15,1705,1709.15
AAPL,2019-01-31T10:55:00Z,166.25,166.25,166.24,166.24
SBER,2019-01-31T10:55:00Z,217.23,217.33,217.07,217.1
AMZN,2019-01-31T10:55:00Z,1709.13,1709.13,1700.01,1709.07
AAPL,2019-01-31T11:00:00Z,166,166.26,166,166.26
SBER,2019-01-31T11:00:00Z,217.18,217.18,217.01,217.09
AMZN,2019-01-31T11:00:00Z,1708.73,1708.73,1708.63,1708.63
AAPL,2019-01-31T11:05:00Z,166.76,166.76,166.22,166.72
SBER,2019-01-31T11:05:00Z,217.1,217.35,216.95,217.29
AMZN,2019-01-31T11:05:00Z,1708.63,1708.63,1708.63,1708.63
AAPL,2019-01-31T11:10:00Z,166.22,166.22,166,166
SBER,2019-01-31T11:10:00Z,217.29,217.42,217,217.24
AMZN,2019-01-31T11:10:00Z,1710.97,1710.97,1710,1710
AAPL,2019-01-31T11:15:00Z,166.2,166.28,166.2,166.28
SBER,2019-01-31T11:15:00Z,217.24,217.44,217.24,217.28
AMZN,2019-01-31T11:15:00Z,1705,1705,1700,1700
AAPL,2019-01-31T11:20:00Z,166.29,166.29,166.22,166.22
SBER,2019-01-31T11:20:00Z,217.28,217.3,216.97,216.99
AMZN,2019-01-31T11:20:00Z,1700,1700,1700,1700
AAPL,2019-01-31T11:25:00Z,166,166.27,166,166.27
SBER,2019-01-31T11:25:00Z,216.97,217.38,216.9,217.27
AAPL,2019-01-31T11:30:00Z,166.29,166.32,166.29,166.32
SBER,2019-01-31T11:30:00Z,217.28,217.37,217.17,217.31
AMZN,2019-01-31T11:30:00Z,1709.77,1709.77,1709.77,1709.77
AAPL,2019-01-31T11:35:00Z,166.37,166.37,166.37,166.37
SBER,2019-01-31T11:35:00Z,217.27,217.45,217.14,217.36
AAPL,2019-01-31T11:40:00Z,166.2,166.44,166.2,166.44
SBER,2019-01-31T11:40:00Z,217.38,217.79,217.38,217.67
AAPL,2019-01-31T11:45:00Z,166.45,166.54,166.2,166.2
SBER,2019-01-31T11:45:00Z,217.67,218.1,217.56,217.9
AMZN,2019-01-31T11:45:00Z,1708.53,1708.53,1699.45,1699.45
AAPL,2019-01-31T11:50:00Z,166.49,166.49,166.48,166.48
SBER,2019-01-31T11:50:00Z,217.92,218.05,217.68,217.68
AMZN,2019-01-31T11:50:00Z,1697,1709.95,1697,1709.95
AAPL,2019-01-31T11:55:00Z,166.49,166.49,166.46,166.46
SBER,2019-01-31T11:55:00Z,217.7,217.8,217.51,217.64
AMZN,2019-01-31T11:55:00Z,1709.97,1709.97,1709.97,1709.97
AAPL,2019-01-31T12:00:00Z,166.06,166.34,166.03,166.03
SBER,2019-01-31T12:00:00Z,217.64,217.67,217.3,217.32
AMZN,2019-01-31T12:00:00Z,1696.51,1696.51,1696.51,1696.51
AAPL,2019-01-31T12:05:00Z,166.34,166.34,166,166.02
SBER,2019-01-31T12:05:00Z,217.33,217.49,217.23,217.32
AMZN,2019-01-31T12:05:00Z,1696.5,1698,1696.44,1698
AAPL,2019-01-31T12:10:00Z,166.01,166.33,164.8,165.97
SBER,2019-01-31T12:10:00Z,217.35,217.49,217.33,217.45
AAPL,2019-01-31T12:15:00Z,166.32,166.32,166.32,166.32
SBER,2019-01-31T12:15:00Z,217.47,217.68,217.33,217.65
AMZN,2019-01-31T12:15:00Z,1704.99,1704.99,1704.99,1704.99
AAPL,2019-01-31T12:20:00Z,166.35,166.35,166.2,166.2
SBER,2019-01-31T12:20:00Z,217.65,217.78,217.5,217.5
AMZN,2019-01-31T12:20:00Z,1704.97,1704.97,1704.97,1704.97
AAPL,2019-01-31T12:25:00Z,166.35,166.6,166.35,166.6
SBER,2019-01-31T12:25:00Z,217.51,217.59,217.32,217.33
AMZN,2019-01-31T12:25:00Z,1698.02,1702.11,1698.02,1702.11
AAPL,2019-01-31T12:30:00Z,166.5,166.53,166.35,166.4
SBER,2019-01-31T12:30:00Z,217.33,217.46,217.28,217.4
AMZN,2019-01-31T12:30:00Z,1702.88,1702.88,1701,1702.4
AAPL,2019-01-31T12:35:00Z,166.51,166.51,166.39,166.39
SBER,2019-01-31T12:35:00Z,217.4,217.48,217.13,217.35
AMZN,2019-01-31T12:35:00Z,1701,1702,1700.01,1701.9
AAPL,2019-01-31T12:40:00Z,166.35,166.65,166.33,166.59
SBER,2019-01-31T12:40:00Z,217.39,217.41,217.21,217.27
AMZN,2019-01-31T12:40:00Z,1702,1704.01,1701.9,1704.01
AAPL,2019-01-31T12:45:00Z,166.6,166.65,166.36,166.6
SBER,2019-01-31T12:45:00Z,217.27,217.29,216.95,217.09
AMZN,2019-01-31T12:45:00Z,1703.96,1704.3,1702.56,1702.64
AAPL,2019-01-31T12:50:00Z,166.64,166.65,166.6,166.65
SBER,2019-01-31T12:50:00Z,217.08,217.21,217.01,217.15
AMZN,2019-01-31T12:50:00Z,1703.14,1704,1702.65,1704
AAPL,2019-01-31T12:55:00Z,166.65,166.65,166.6,166.6
SBER,2019-01-31T12:55:00Z,217.14,217.37,217.04,217.2
AMZN,2019-01-31T12:55:00Z,1704.5,1704.5,1704,1704.43
AAPL,2019-01-31T13:00:00Z,166.52,166.7,166.5,166.7
SBER,2019-01-31T13:00:00Z,217.23,217.27,217.04,217.14
AMZN,2019-01-31T13:00:00Z,1704.67,1705.53,1704.1,1705.5
AAPL,2019-01-31T13:05:00Z,166.7,166.7,166.51,166.61
SBER,2019-01-31T13:05:00Z,217.14,217.6,217.13,217.48
AMZN,2019-01-31T13:05:00Z,1705.66,1706.45,1705.11,1705.68
AAPL,2019-01-31T13:10:00Z,166.66,166.69,166.52,166.62
SBER,2019-01-31T13:10:00Z,217.48,217.6,217.39,217.58
AMZN,2019-01-31T13:10:00Z,1705.68,1706.49,1705,1705.95
AAPL,2019-01-31T13:15:00Z,166.63,166.63,166.55,166.55
SBER,2019-01-31T13:15:00Z,217.58,217.68,217.45,217.66
AMZN,2019-01-31T13:15:00Z,1705.95,1706.5,1705.5,1706.5
AAPL,2019-01-31T13:20:00Z,166.6,166.6,166.43,166.43
SBER,2019-01-31T13:20:00Z,217.57,217.79,217.37,217.42
AMZN,2019-01-31T13:20:00Z,1706,1706,1704,1704
AAPL,2019-01-31T13:25:00Z,166.4,166.4,166.29,166.39
SBER,2019-01-31T13:25:00Z,217.49,217.5,217.32,217.38
AMZN,2019-01-31T13:25:00Z,1704,1704.9,1702.5,1703
AAPL,2019-01-31T13:30:00Z,166.34,166.35,166.26,166.34
SBER,2019-01-31T13:30:00Z,217.38,217.5,217.2,217.31
AMZN,2019-01-31T13:30:00Z,1703.57,1703.93,1702.5,1703
AAPL,2019-01-31T13:35:00Z,166.35,166.42,166.32,166.37
SBER,2019-01-31T13:35:00Z,217.33,217.55,217.2,217.5
AMZN,2019-01-31T13:35:00Z,1703.48,1704.71,1703.15,1703.21
AAPL,2019-01-31T13:40:00Z,166.36,166.41,166.3,166.3
SBER,2019-01-31T13:40:00Z,217.5,217.67,217.44,217.57
AMZN,2019-01-31T13:40:00Z,1703.16,1703.47,1700.92,1701.1
AAPL,2019-01-31T13:45:00Z,166.38,166.38,166.15,166.15
SBER,2019-01-31T13:45:00Z,217.54,217.56,217.21,217.21
AMZN,2019-01-31T13:45:00Z,1701.01,1701.64,1699,1699
AAPL,2019-01-31T13:50:00Z,166.15,166.41,166.15,166.41
SBER,2019-01-31T13:50:00Z,217.21,217.36,217.1,217.16
AMZN,2019-01-31T13:50:00Z,1698.98,1699.7,1696.8,1698.75
AAPL,2019-01-31T13:55:00Z,166.3,166.3,166.25,166.28
SBER,2019-01-31T13:55:00Z,217.16,217.32,217.1,217.22
AMZN,2019-01-31T13:55:00Z,1698,1699.95,1697.48,1698.25
AAPL,2019-01-31T14:00:00Z,166.26,166.34,166.16,166.34
SBER,2019-01-31T14:00:00Z,217.24,217.3,217.01,217.29
AMZN,2019-01-31T14:00:00Z,1698.39,1698.39,1694,1695.56
AAPL,2019-01-31T14:05:00Z,166.23,166.34,166.15,166.23
SBER,2019-01-31T14:05:00Z,217.26,217.29,216.66,216.8
AMZN,2019-01-31T14:05:00Z,1695.61,1698.35,1695.61,1697
AAPL,2019-01-31T14:10:00Z,166.15,166.25,166,166.06
SBER,2019-01-31T14:10:00Z,216.71,217.07,216.58,216.9
AMZN,2019-01-31T14:10:00Z,1696.89,1696.89,1693.39,1693.39
AAPL,2019-01-31T14:15:00Z,166,166.34,165.91,166.1
SBER,2019-01-31T14:15:00Z,216.86,217.1,216.86,217.08
AMZN,2019-01-31T14:15:00Z,1693.4,1694.24,1691.6,1691.6
AAPL,2019-01-31T14:20:00Z,166,166.01,165.91,165.97
SBER,2019-01-31T14:20:00Z,217.1,217.17,216.95,217.1
AMZN,2019-01-31T14:20:00Z,1691.94,1692.06,1689.21,1691.01
AAPL,2019-01-31T14:25:00Z,165.91,166.21,165.9,166.11
SBER,2019-01-31T14:25:00Z,217.08,217.13,216.85,216.99
AMZN,2019-01-31T14:25:00Z,1691.68,1692.85,1690.3,1692.53
AAPL,2019-01-31T14:30:00Z,166.11,166.39,164.69,164.82
SBER,2019-01-31T14:30:00Z,217.03,217.28,216.98,217.25
AMZN,2019-01-31T14:30:00Z,1691.67,1696.09,1685.99,1690.5
AAPL,2019-01-31T14:35:00Z,164.84,165.24,164.56,165.07
SBER,2019-01-31T14:35:00Z,217.26,217.28,217.12,217.26
AMZN,2019-01-31T14:35:00Z,1690.68,1692.57,1680.25,1681.31
AAPL,2019-01-31T14:40:00Z,165.09,165.24,164.75,164.86
SBER,2019-01-31T14:40:00Z,217.27,217.32,216.9,217.04
AMZN,2019-01-31T14:40:00Z,1681.31,1690.55,1679.45,1690.26
AAPL,2019-01-31T14:45:00Z,164.86,165.69,164.82,165.57
SBER,2019-01-31T14:45:00Z,216.99,217.18,216.85,216.99
AMZN,2019-01-31T14:45:00Z,1690.44,1694.2,1689.53,1690.96
AAPL,2019-01-31T14:50:00Z,165.57,166.42,165.57,166.35
SBER,2019-01-31T14:50:00Z,217,217.17,216.95,217.13
AMZN,2019-01-31T14:50:00Z,1691.37,1698.2,1691.37,1696.64
AAPL,2019-01-31T14:55:00Z,166.38,166.68,166.27,166.55
SBER,2019-01-31T14:55:00Z,217.15,217.46,217.13,217.33
AMZN,2019-01-31T14:55:00Z,1697,1702.03,1696.01,1700.36
AAPL,2019-01-31T15:00:00Z,166.55,166.62,166.19,166.52
SBER,2019-01-31T15:00:00Z,217.33,217.42,217.2,217.38
AMZN,2019-01-31T15:00:00Z,1701.19,1705.03,1699.51,1704.25
AAPL,2019-01-31T15:05:00Z,166.52,166.93,166.52,166.79
SBER,2019-01-31T15:05:00Z,217.37,217.46,217,217.15
AMZN,2019-01-31T15:05:00Z,1704.5,1704.86,1701,1703.42
AAPL,2019-01-31T15:10:00Z,166.79,167.28,166.75,167.25
SBER,2019-01-31T15:10:00Z,217.15,217.29,216.88,217.1
AMZN,2019-01-31T15:10:00Z,1703.18,1705,1702.71,1704.23
AAPL,2019-01-31T15:15:00Z,167.24,167.57,167.11,167.55
SBER,2019-01-31T15:15:00Z,217.11,217.24,216.95,217.14
AMZN,2019-01-31T15:15:00Z,1704.4,1707,1701.22,1706.31
AAPL,2019-01-31T15:20:00Z,167.56,167.69,167.3,167.67
SBER,2019-01-31T15:20:00Z,217.2,217.3,217.09,217.22
AMZN,2019-01-31T15:20:00Z,1706.4,1707.46,1705.33,1706.51
AAPL,2019-01-31T15:25:00Z,167.65,168.09,167.61,168
SBER,2019-01-31T15:25:00Z,217.24,217.56,217.21,217.46
AMZN,2019-01-31T15:25:00Z,1706.7,1707.73,1700.55,1702.01
AAPL,2019-01-31T15:30:00Z,167.99,168.35,167.93,168.15
SBER,2019-01-31T15:30:00Z,217.46,217.5,217.32,217.36
AMZN,2019-01-31T15:30:00Z,1702,1703.92,1699.28,1699.35
AAPL,2019-01-31T15:35:00Z,168.16,168.41,168.05,168.27
SBER,2019-01-31T15:35:00Z,217.37,217.37,217.07,217.15
AMZN,2019-01-31T15:35:00Z,1699.67,1705.77,1699.39,1705
AAPL,2019-01-31T15:40:00Z,168.25,168.72,168.17,168.53
AMZN,2019-01-31T15:40:00Z,1705.51,1708.09,1704.7,1707.75
AAPL,2019-01-31T15:45:00Z,168.56,168.6,168.15,168.18
SBER,2019-01-31T15:45:00Z,217.9,217.9,217.9,217.9
AMZN,2019-01-31T15:45:00Z,1707.95,1708,1702.3,1702.63
AAPL,2019-01-31T15:50:00Z,168.17,168.32,167.97,168.22
AMZN,2019-01-31T15:50:00Z,1702.62,1705.74,1702.5,1704.63
AAPL,2019-01-31T15:55:00Z,168.21,168.46,168.06,168.28
AMZN,2019-01-31T15:55:00Z,1704.98,1707.77,1704.1,1705.01
AAPL,2019-01-31T16:00:00Z,168.28,168.65,168.19,168.42
AMZN,2019-01-31T16:00:00Z,1705.27,1707.16,1704.01,1706.79
AAPL,2019-01-31T16:05:00Z,168.43,168.47,168.13,168.19
AMZN,2019-01-31T16:05:00Z,1706.87,1708.45,1705.33,1706.09
AAPL,2019-01-31T16:10:00Z,168.22,168.37,168,168.07
AMZN,2019-01-31T16:10:00Z,1706,1709.51,1705.46,1709.04
AAPL,2019-01-31T16:15:00Z,168.1,168.11,167.72,167.77
AMZN,2019-01-31T16:15:00Z,1709.41,1710.08,1707.58,1709.46
AAPL,2019-01-31T16:20:00Z,167.78,168.16,167.77,168.16
AMZN,2019-01-31T16:20:00Z,1709.58,1713.24,1708.81,1713.24
AAPL,2019-01-31T16:25:00Z,168.17,168.27,168.01,168.01
AMZN,2019-01-31T16:25:00Z,1713.25,1714.73,1711.5,1712.57
AAPL,2019-01-31T16:30:00Z,168,168.44,167.96,168.37
AMZN,2019-01-31T16:30:00Z,1712.31,1713.66,1709.9,1713.6
AAPL,2019-01-31T16:35:00Z,168.38,168.49,168.14,168.43
AMZN,2019-01-31T16:35:00Z,1713.32,1717.27,1712.49,1716.74
AAPL,2019-01-31T16:40:00Z,168.44,168.65,168.22,168.55
AMZN,2019-01-31T16:40:00Z,1716.79,1718.95,1715.79,1717.92
AAPL,2019-01-31T16:45:00Z,168.54,168.57,168.42,168.57
AMZN,2019-01-31T16:45:00Z,1717.78,1720.63,1717.78,1720.56
AAPL,2019-01-31T16:50:00Z,168.58,168.66,168.38,168.65
AMZN,2019-01-31T16:50:00Z,1720.7,1724.64,1720.2,1724.46
AAPL,2019-01-31T16:55:00Z,168.66,168.99,168.65,168.89
AMZN,2019-01-31T16:55:00Z,1724.47,1729.43,1724.25,1726.3
AAPL,2019-01-31T17:00:00Z,168.87,168.91,168.41,168.41
AMZN,2019-01-31T17:00:00Z,1726.48,1727.1,1723.34,1725.26
AAPL,2019-01-31T17:05:00Z,168.4,168.5,167.98,168.32
AMZN,2019-01-31T17:05:00Z,1725.58,1728.08,1725,1726.01
AAPL,2019-01-31T17:10:00Z,168.32,168.35,168.08,168.35
AMZN,2019-01-31T17:10:00Z,1726.01,1726.99,1723.13,1726.8
AAPL,2019-01-31T17:15:00Z,168.34,168.35,168.08,168.18
AMZN,2019-01-31T17:15:00Z,1726.35,1727.9,1724.39,1727.67
AAPL,2019-01-31T17:20:00Z,168.2,168.25,168.03,168.04
AMZN,2019-01-31T17:20:00Z,1727.37,1728.59,1726.5,1727.44
AAPL,2019-01-31T17:25:00Z,168.02,168.21,167.87,168.19
AMZN,2019-01-31T17:25:00Z,1727.76,1729,1726.22,1727.54
AAPL,2019-01-31T17:30:00Z,168.2,168.25,167.98,168.07
AMZN,2019-01-31T17:30:00Z,1727.9,1731.1,1725.56,1730.69
AAPL,2019-01-31T17:35:00Z,168.07,168.13,167.96,168.02
AMZN,2019-01-31T17:35:00Z,1730.69,1735.1,1730.06,1735
AAPL,2019-01-31T17:40:00Z,168.01,168.03,167.53,167.56
AMZN,2019-01-31T17:40:00Z,1734.85,1736.18,1730.72,1730.73
AAPL,2019-01-31T17:45:00Z,167.56,167.76,167.53,167.7
AMZN,2019-01-31T17:45:00Z,1731.1,1735.82,1731.02,1734.03
AAPL,2019-01-31T17:50:00Z,167.71,168.02,167.7,167.92
AMZN,2019-01-31T17:50:00Z,1734,1734.99,1731.8,1731.8
AAPL,2019-01-31T17:55:00Z,167.93,168.02,167.76,167.77
AMZN,2019-01-31T17:55:00Z,1731.91,1732,1724.26,1725.26
AAPL,2019-01-31T18:00:00Z,167.76,167.76,167.34,167.39
AMZN,2019-01-31T18:00:00Z,1725.26,1730,1724.4,1729
AAPL,2019-01-31T18:05:00Z,167.4,167.6,167.4,167.47
AMZN,2019-01-31T18:05:00Z,1729.94,1732.98,1729.65,1729.85
AAPL,2019-01-31T18:10:00Z,167.48,167.53,167.39,167.53
AMZN,2019-01-31T18:10:00Z,1729.99,1731.69,1729.14,1729.58
AAPL,2019-01-31T18:15:00Z,167.54,167.62,167.07,167.16
AMZN,2019-01-31T18:15:00Z,1729.65,1730.8,1725.06,1725.09
AAPL,2019-01-31T18:20:00Z,167.15,167.54,167.14,167.49
AMZN,2019-01-31T18:20:00Z,1725.34,1726.6,1721.34,1721.62
AAPL,2019-01-31T18:25:00Z,167.5,167.56,167.02,167.1
AMZN,2019-01-31T18:25:00Z,1721.35,1722.88,1715.26,1717.05
AAPL,2019-01-31T18:30:00Z,167.1,167.13,166.82,166.89
AMZN,2019-01-31T18:30:00Z,1717.05,1719.51,1715.79,1717.99
AAPL,2019-01-31T18:35:00Z,166.89,167.03,166.85,166.99
AMZN,2019-01-31T18:35:00Z,1717.64,1722.13,1717.41,1721.19
AAPL,2019-01-31T18:40:00Z,166.99,167.12,166.81,167.03
AMZN,2019-01-31T18:40:00Z,1721.4,1721.87,1718.37,1720.52
AAPL,2019-01-31T18:45:00Z,167.02,167.08,166.89,167
AMZN,2019-01-31T18:45:00Z,1720.5,1721.84,1717.19,1721.3
AAPL,2019-01-31T18:50:00Z,167.01,167.22,166.98,167.2
AMZN,2019-01-31T18:50:00Z,1721.82,1723.14,1721.14,1722.9
AAPL,2019-01-31T18:55:00Z,167.19,167.46,167.15,167.43
AMZN,2019-01-31T18:55:00Z,1722.73,1725.51,1722.5,1725.51
AAPL,2019-01-31T19:00:00Z,167.44,167.52,167.29,167.34
AMZN,2019-01-31T19:00:00Z,1725.44,1728.33,1725.44,1727
AAPL,2019-01-31T19:05:00Z,167.35,167.46,167.29,167.39
AMZN,2019-01-31T19:05:00Z,1727.13,1728,1725,1725.08
AAPL,2019-01-31T19:10:00Z,167.37,167.52,167.31,167.42
AMZN,2019-01-31T19:10:00Z,1725.01,1725.65,1722.7,1722.84
AAPL,2019-01-31T19:15:00Z,167.41,167.54,166.91,166.91
AMZN,2019-01-31T19:15:00Z,1723,1724.59,1720.13,1720.43
AAPL,2019-01-31T19:20:00Z,166.91,167.07,166.89,166.98
AMZN,2019-01-31T19:20:00Z,1720.12,1723.58,1719.63,1722.33
AAPL,2019-01-31T19:25:00Z,166.98,167.05,166.93,167.02
AMZN,2019-01-31T19:25:00Z,1722,1722.19,1720.11,1721.2
AAPL,2019-01-31T19:30:00Z,167.02,167.06,166.72,166.73
AMZN,2019-01-31T19:30:00Z,1721,1722.11,1719.25,1719.76
AAPL,2019-01-31T19:35:00Z,166.75,167.01,166.7,166.94
AMZN,2019-01-31T19:35:00Z,1719.92,1724.28,1719.71,1723.85
AAPL,2019-01-31T19:40:00Z,166.94,167.02,166.75,166.76
AMZN,2019-01-31T19:40:00Z,1724.25,1725.41,1722.81,1724.18
AAPL,2019-01-31T19:45:00Z,166.76,166.82,166.65,166.67
AMZN,2019-01-31T19:45:00Z,1724.29,1725.5,1723.51,1724.73
AAPL,2019-01-31T19:50:00Z,166.65,166.86,166.56,166.8
AMZN,2019-01-31T19:50:00Z,1724.58,1726,1723.8,1725.39
AAPL,2019-01-31T19:55:00Z,166.8,166.87,166.7,166.73
AMZN,2019-01-31T19:55:00Z,1725.45,1727.63,1725.38,1727.63
AAPL,2019-01-31T20:00:00Z,166.74,166.74,166.41,166.42
AMZN,2019-01-31T20:00:00Z,1727.32,1727.32,1722.21,1722.26
AAPL,2019-01-31T20:05:00Z,166.43,166.6,166.38,166.58
AMZN,2019-01-31T20:05:00Z,1722.26,1722.26,1718.65,1718.78
AAPL,2019-01-31T20:10:00Z,166.57,166.57,166.24,166.42
AMZN,2019-01-31T20:10:00Z,1719,1719,1709,1710.2
AAPL,2019-01-31T20:15:00Z,166.42,166.66,166.33,166.6
AMZN,2019-01-31T20:15:00Z,1709.69,1716.99,1708.5,1716.99
AAPL,2019-01-31T20:20:00Z,166.59,166.87,166.58,166.84
AMZN,2019-01-31T20:20:00Z,1717,1718.84,1716.1,1717.68
AAPL,2019-01-31T20:25:00Z,166.84,166.98,166.81,166.86
AMZN,2019-01-31T20:25:00Z,1717.7,1718.17,1716.3,1717.41
AAPL,2019-01-31T20:30:00Z,166.87,166.93,166.69,166.73
AMZN,2019-01-31T20:30:00Z,1717.91,1719.9,1716.82,1718.72
AAPL,2019-01-31T20:35:00Z,166.74,166.76,166.55,166.66
AMZN,2019-01-31T20:35:00Z,1719,1719,1712.76,1713.53
AAPL,2019-01-31T20:40:00Z,166.65,166.65,166.3,166.36
AMZN,2019-01-31T20:40:00Z,1714.01,1714.3,1707.12,1710
AAPL,2019-01-31T20:45:00Z,166.35,166.64,166.28,166.4
AMZN,2019-01-31T20:45:00Z,1709.67,1715.57,1708.02,1715.47
AAPL,2019-01-31T20:50:00Z,166.41,166.75,166.41,166.75
AMZN,2019-01-31T20:50:00Z,1715.47,1717.27,1711.76,1716.84
AAPL,2019-01-31T20:55:00Z,166.75,166.78,166.18,166.26
AMZN,2019-01-31T20:55:00Z,1716.82,1721.5,1716,1718.78
AAPL,2019-01-31T21:00:00Z,166.44,166.85,166.35,166.57
AMZN,2019-01-31T21:00:00Z,1719.77,1777.77,1677.4,1750
AAPL,2019-01-31T21:05:00Z,166.6,166.66,166.49,166.66
AMZN,2019-01-31T21:05:00Z,1751,1753,1712,1716.15
AAPL,2019-01-31T21:10:00Z,166.62,166.73,166.5,166.65
AMZN,2019-01-31T21:10:00Z,1717.59,1717.68,1693.15,1707.73
AAPL,2019-01-31T21:15:00Z,166.65,166.75,166.65,166.65
AMZN,2019-01-31T21:15:00Z,1708.44,1721.5,1707.6,1712
AAPL,2019-01-31T21:20:00Z,166.64,166.65,166.45,166.45
AMZN,2019-01-31T21:20:00Z,1712.1,1714.94,1692.23,1692.51
AAPL,2019-01-31T21:25:00Z,166.44,166.6,166.11,166.26
AMZN,2019-01-31T21:25:00Z,1692.51,1695,1670.01,1680
AAPL,2019-01-31T21:30:00Z,166.26,166.62,166.26,166.31
AMZN,2019-01-31T21:30:00Z,1680,1685.75,1670.26,1682
AAPL,2019-01-31T21:35:00Z,166.44,166.69,166.32,166.69
AMZN,2019-01-31T21:35:00Z,1681.99,1697.99,1675,1691.37
AAPL,2019-01-31T21:40:00Z,166.69,166.75,166.65,166.75
AMZN,2019-01-31T21:40:00Z,1691.31,1709.67,1690,1703.2
AAPL,2019-01-31T21:45:00Z,166.67,166.79,166.67,166.77
AMZN,2019-01-31T21:45:00Z,1703,1715.44,1700,1715.44
AAPL,2019-01-31T21:50:00Z,166.77,166.89,166.77,166.88
AMZN,2019-01-31T21:50:00Z,1715.84,1718.58,1707.59,1713.37
AAPL,2019-01-31T21:55:00Z,166.89,166.89,166.87,166.87
AMZN,2019-01-31T21:55:00Z,1712.3,1720.75,1710,1710.3
AAPL,2019-01-31T22:00:00Z,166.87,166.89,166.79,166.79
AMZN,2019-01-31T22:00:00Z,1710.78,1713.5,1703.01,1703.55
AAPL,2019-01-31T22:05:00Z,166.8,166.8,166.8,166.8
AMZN,2019-01-31T22:05:00Z,1703.01,1705.17,1696.01,1696.01
AAPL,2019-01-31T22:10:00Z,166.79,166.79,166.78,166.78
AMZN,2019-01-31T22:10:00Z,1697.5,1702.5,1692,1701.99
AAPL,2019-01-31T22:15:00Z,166.7,166.78,166.7,166.78
AMZN,2019-01-31T22:15:00Z,1702.05,1705.83,1697.6,1702
AAPL,2019-01-31T22:20:00Z,166.77,166.77,166.63,166.7
AMZN,2019-01-31T22:20:00Z,1702,1704.74,1700.37,1703.14
AAPL,2019-01-31T22:25:00Z,166.7,166.76,166.7,166.75
AMZN,2019-01-31T22:25:00Z,1705,1707,1703.17,1703.66
AMZN,2019-01-31T22:30:00Z,1703.51,1706,1696,1696
AMZN,2019-01-31T22:35:00Z,1695.99,1698,1691.02,1696.65
AAPL,2019-01-31T22:40:00Z,166.74,166.74,166.74,166.74
AMZN,2019-01-31T22:40:00Z,1696.59,1696.65,1686.02,1687.78
AAPL,2019-01-31T22:45:00Z,166.64,166.69,166.44,166.69
AMZN,2019-01-31T22:45:00Z,1687.77,1687.79,1665,1669.8
AAPL,2019-01-31T22:50:00Z,166.7,166.7,166.7,166.7
AMZN,2019-01-31T22:50:00Z,1670.69,1674.94,1668,1669.49
AAPL,2019-01-31T22:55:00Z,166.68,166.7,166.5,166.64
AMZN,2019-01-31T22:55:00Z,1667.8,1667.8,1647,1647
AAPL,2019-01-31T23:00:00Z,166.57,166.71,166.45,166.68
AMZN,2019-01-31T23:00:00Z,1648.6,1651.72,1638,1640
AAPL,2019-01-31T23:05:00Z,166.67,166.68,166.56,166.56
AMZN,2019-01-31T23:05:00Z,1640,1646.39,1639.99,1641.52
AMZN,2019-01-31T23:10:00Z,1641.8,1650.2,1640,1648.94
AMZN,2019-01-31T23:15:00Z,1645.89,1647,1643.47,1645
